model,n,false_negative,false_positive,true_negative,true_positive,accuracy,balanced_accuracy,bookmaker_informedness,critical_success_index,delta_p,diagnostic_odds_ratio,fall_out,false_discovery_rate,false_negative_rate,false_omission_rate,false_positive_rate,f1_score,fowlkes_mallows_index,hit_rate,informedness,jaccard_index,matthews_correlation_coefficient,markedness,miss_rate,negative_likelihood_ratio,negative_predictive_value,positive_likelihood_ratio,positive_predictive_value,precision,prevalence,prevalence_threshold,probability_of_detection,probability_of_false_alarm,recall,selectivity,sensitivity,specificity,threat_score,true_negative_rate,true_positive_rate,mae,mse,rmse,r2
6015bfef47db7df178db0f143fb46ddc,992.8,82.0000015258789,82.0000015258789,712.2400024414062,116.56000213623047,0.8348101615905762,0.6750747919082641,0.3501495361328125,0.32781784534454345,0.36284621357917785,30.447515869140624,0.5147461533546448,0.5147461533546448,0.519334864616394,0.12240763008594513,0.13051559329032897,0.4745385229587555,0.4786734938621521,0.4806651473045349,0.3501495361328125,0.32781784534454345,0.3548363447189331,0.36284621357917785,0.519334864616394,0.5806759119033813,0.8775923609733581,15.327197456359864,0.4852538526058197,0.4852538526058197,0.20000000298023224,0.29493293166160583,0.4806651473045349,0.13051559329032897,0.4806651473045349,0.8694843888282776,0.4806651473045349,0.8694843888282776,0.32781784534454345,0.8694843888282776,0.4806651473045349,1.1208788394927978,3.534690761566162,1.8793230295181274,-0.19734673500061034
