model,n,false_negative,false_positive,true_negative,true_positive,accuracy,balanced_accuracy,bookmaker_informedness,critical_success_index,delta_p,diagnostic_odds_ratio,fall_out,false_discovery_rate,false_negative_rate,false_omission_rate,false_positive_rate,f1_score,fowlkes_mallows_index,hit_rate,informedness,jaccard_index,matthews_correlation_coefficient,markedness,miss_rate,negative_likelihood_ratio,negative_predictive_value,positive_likelihood_ratio,positive_predictive_value,precision,prevalence,prevalence_threshold,probability_of_detection,probability_of_false_alarm,recall,selectivity,sensitivity,specificity,threat_score,true_negative_rate,true_positive_rate,mae,mse,rmse,r2
random_forest,992.8,82.28000183105469,82.28000183105469,711.960009765625,116.28000183105469,0.8342459559440613,0.6731395483016968,0.3462790310382843,0.3276586472988129,0.3668480396270752,31.964238739013673,0.5099584519863128,0.5099584519863128,0.5229264259338379,0.12319353520870209,0.1307945430278778,0.4751750469207764,0.4793086886405945,0.47707359194755555,0.3462790310382843,0.3276586472988129,0.3546499788761139,0.3668480396270752,0.5229264259338379,0.5853628516197205,0.8768064856529236,15.951471900939941,0.490041583776474,0.490041583776474,0.20000000298023224,0.2932437002658844,0.47707359194755555,0.1307945430278778,0.47707359194755555,0.8692054510116577,0.47707359194755555,0.8692054510116577,0.3276586472988129,0.8692054510116577,0.47707359194755555,1.1271235466003418,3.5618817806243896,1.8865814447402953,-0.20656123161315917
